,index,title,first_genre
0,19995,Avatar,Action
1,285,Pirates of the Caribbean: At World's End,Adventure
2,206647,Spectre,Action
3,49026,The Dark Knight Rises,Action
4,49529,John Carter,Action
5,559,Spider-Man 3,Fantasy
6,38757,Tangled,Animation
7,99861,Avengers: Age of Ultron,Action
8,767,Harry Potter and the Half-Blood Prince,Adventure
9,209112,Batman v Superman: Dawn of Justice,Action
10,1452,Superman Returns,Adventure
11,10764,Quantum of Solace,Adventure
12,58,Pirates of the Caribbean: Dead Man's Chest,Adventure
13,57201,The Lone Ranger,Action
14,49521,Man of Steel,Action
15,2454,The Chronicles of Narnia: Prince Caspian,Adventure
16,24428,The Avengers,Science Fiction
17,1865,Pirates of the Caribbean: On Stranger Tides,Adventure
18,41154,Men in Black 3,Action
19,122917,The Hobbit: The Battle of the Five Armies,Action
20,1930,The Amazing Spider-Man,Action
21,20662,Robin Hood,Action
22,57158,The Hobbit: The Desolation of Smaug,Adventure
23,2268,The Golden Compass,Adventure
24,254,King Kong,Adventure
25,597,Titanic,Drama
26,271110,Captain America: Civil War,Adventure
27,44833,Battleship,Thriller
28,135397,Jurassic World,Action
29,37724,Skyfall,Action
30,558,Spider-Man 2,Action
31,68721,Iron Man 3,Action
32,12155,Alice in Wonderland,Family
33,36668,X-Men: The Last Stand,Adventure
34,62211,Monsters University,Animation
35,8373,Transformers: Revenge of the Fallen,Science Fiction
36,91314,Transformers: Age of Extinction,Science Fiction
37,68728,Oz: The Great and Powerful,Fantasy
38,102382,The Amazing Spider-Man 2,Action
39,20526,TRON: Legacy,Adventure
40,49013,Cars 2,Animation
41,44912,Green Lantern,Adventure
42,10193,Toy Story 3,Animation
43,534,Terminator Salvation,Action
44,168259,Furious 7,Action
45,72190,World War Z,Action
46,127585,X-Men: Days of Future Past,Action
47,54138,Star Trek Into Darkness,Action
48,81005,Jack the Giant Slayer,Action
49,64682,The Great Gatsby,Drama
50,9543,Prince of Persia: The Sands of Time,Adventure
51,68726,Pacific Rim,Action
52,38356,Transformers: Dark of the Moon,Action
53,217,Indiana Jones and the Kingdom of the Crystal Skull,Adventure
54,105864,The Good Dinosaur,Adventure
55,62177,Brave,Animation
56,188927,Star Trek Beyond,Action
57,10681,WALL·E,Animation
58,5174,Rush Hour 3,Action
59,14161,2012,Action
60,17979,A Christmas Carol,Animation
61,76757,Jupiter Ascending,Science Fiction
62,258489,The Legend of Tarzan,Action
63,411,"The Chronicles of Narnia: The Lion, the Witch and the Wardrobe",Adventure
64,246655,X-Men: Apocalypse,Science Fiction
65,155,The Dark Knight,Drama
66,14160,Up,Animation
67,15512,Monsters vs Aliens,Animation
68,1726,Iron Man,Action
69,44826,Hugo,Adventure
70,8487,Wild Wild West,Action
71,297761,Suicide Squad,Action
72,2698,Evan Almighty,Fantasy
73,137113,Edge of Tomorrow,Action
74,9804,Waterworld,Adventure
75,14869,G.I. Joe: The Rise of Cobra,Adventure
76,150540,Inside Out,Drama
77,278927,The Jungle Book,Family
78,10138,Iron Man 2,Adventure
79,58595,Snow White and the Huntsman,Adventure
80,102651,Maleficent,Fantasy
81,119450,Dawn of the Planet of the Apes,Science Fiction
82,64686,47 Ronin,Drama
83,100402,Captain America: The Winter Soldier,Action
84,10192,Shrek Forever After,Comedy
85,158852,Tomorrowland,Adventure
86,177572,Big Hero 6,Adventure
87,82690,Wreck-It Ralph,Family
88,5255,The Polar Express,Adventure
89,47933,Independence Day: Resurgence,Action
90,10191,How to Train Your Dragon,Fantasy
91,296,Terminator 3: Rise of the Machines,Action
92,118340,Guardians of the Galaxy,Action
93,157336,Interstellar,Adventure
94,27205,Inception,Action
95,49051,The Hobbit: An Unexpected Journey,Adventure
96,9799,The Fast and the Furious,Action
97,4922,The Curious Case of Benjamin Button,Fantasy
98,49538,X-Men: First Class,Action
99,131634,The Hunger Games: Mockingjay - Part 2,Action
100,27022,The Sorcerer's Apprentice,Fantasy
101,503,Poseidon,Adventure
102,241259,Alice Through the Looking Glass,Fantasy
103,810,Shrek the Third,Fantasy
104,68735,Warcraft,Action
105,87101,Terminator Genisys,Science Fiction
106,10140,The Chronicles of Narnia: The Voyage of the Dawn Treader,Adventure
107,676,Pearl Harbor,History
108,1858,Transformers,Adventure
109,1966,Alexander,War
110,675,Harry Potter and the Order of the Phoenix,Adventure
111,674,Harry Potter and the Goblet of Fire,Adventure
112,8960,Hancock,Fantasy
113,6479,I Am Legend,Drama
114,118,Charlie and the Chocolate Factory,Adventure
115,2062,Ratatouille,Animation
116,272,Batman Begins,Action
117,10527,Madagascar: Escape 2 Africa,Family
118,18360,Night at the Museum: Battle of the Smithsonian,Adventure
119,2080,X-Men Origins: Wolverine,Adventure
120,605,The Matrix Revolutions,Adventure
121,109445,Frozen,Animation
122,604,The Matrix Reloaded,Adventure
123,76338,Thor: The Dark World,Action
124,76341,Mad Max: Fury Road,Action
125,13448,Angels & Demons,Thriller
126,10195,Thor,Adventure
127,13053,Bolt,Animation
128,19585,G-Force,Fantasy
129,57165,Wrath of the Titans,Adventure
130,62213,Dark Shadows,Comedy
131,177677,Mission: Impossible - Rogue Nation,Action
132,5559,Bee Movie,Family
133,49444,Kung Fu Panda 2,Animation
134,10196,The Last Airbender,Action
135,956,Mission: Impossible III,Adventure
136,117251,White House Down,Action
137,11619,Flushed Away,Adventure
138,266647,Pan,Adventure
139,82703,Mr. Peabody & Sherman,Animation
140,652,Troy,Adventure
141,80321,Madagascar 3: Europe's Most Wanted,Animation
142,36669,Die Another Day,Adventure
143,43074,Ghostbusters,Action
144,95,Armageddon,Action
145,608,Men in Black II,Action
146,2310,Beowulf,Adventure
147,140300,Kung Fu Panda 3,Action
148,56292,Mission: Impossible - Ghost Protocol,Action
149,81188,Rise of the Guardians,Fantasy
150,7552,Fun with Dick and Jane,Comedy
151,616,The Last Samurai,Drama
152,147441,Exodus: Gods and Kings,Adventure
153,13475,Star Trek,Science Fiction
154,557,Spider-Man,Fantasy
155,82702,How to Train Your Dragon 2,Fantasy
156,205584,Gods of Egypt,Fantasy
157,10048,Stealth,Action
158,13183,Watchmen,Action
159,944,Lethal Weapon 4,Action
160,1927,Hulk,Drama
161,72559,G.I. Joe: Retaliation,Adventure
162,7364,Sahara,Action
163,2114,Final Fantasy: The Spirits Within,Adventure
164,1771,Captain America: The First Avenger,Action
165,36643,The World Is Not Enough,Adventure
166,8619,Master and Commander: The Far Side of the World,Adventure
167,50620,The Twilight Saga: Breaking Dawn - Part 2,Adventure
168,65759,Happy Feet Two,Animation
169,1724,The Incredible Hulk,Science Fiction
170,267935,The BFG,Adventure
171,281957,The Revenant,Western
172,77950,Turbo,Animation
173,44896,Rango,Animation
174,270946,Penguins of Madagascar,Family
175,2503,The Bourne Ultimatum,Action
176,9502,Kung Fu Panda,Adventure
177,102899,Ant-Man,Science Fiction
178,101299,The Hunger Games: Catching Fire,Adventure
179,228161,Home,Fantasy
180,74,War of the Worlds,Adventure
181,8961,Bad Boys II,Adventure
182,417859,Puss in Boots,Action
183,27576,Salt,Action
184,86834,Noah,Drama
185,17578,The Adventures of Tintin,Adventure
186,673,Harry Potter and the Prisoner of Azkaban,Adventure
187,6972,Australia,Drama
188,82700,After Earth,Science Fiction
189,10567,Dinosaur,Animation
190,181533,Night at the Museum: Secret of the Tomb,Adventure
191,38055,Megamind,Animation
192,671,Harry Potter and the Philosopher's Stone,Adventure
193,49524,R.I.P.D.,Fantasy
194,22,Pirates of the Caribbean: The Curse of the Black Pearl,Adventure
195,131631,The Hunger Games: Mockingjay - Part 1,Science Fiction
196,591,The Da Vinci Code,Thriller
197,172385,Rio 2,Animation
198,36658,X2,Adventure
199,51497,Fast Five,Action
200,58574,Sherlock Holmes: A Game of Shadows,Adventure
201,18823,Clash of the Titans,Adventure
202,861,Total Recall,Action
203,1911,The 13th Warrior,Adventure
204,49040,The Bourne Legacy,Action
205,415,Batman & Robin,Action
206,8871,How the Grinch Stole Christmas,Family
207,435,The Day After Tomorrow,Action
208,955,Mission: Impossible II,Adventure
209,2133,The Perfect Storm,Drama
210,1979,Fantastic 4: Rise of the Silver Surfer,Adventure
211,87827,Life of Pi,Adventure
212,1250,Ghost Rider,Thriller
213,324668,Jason Bourne,Action
214,9471,Charlie's Angels: Full Throttle,Action
215,70981,Prometheus,Science Fiction
216,10996,Stuart Little 2,Family
217,68724,Elysium,Science Fiction
218,2789,The Chronicles of Riddick,Action
219,97020,RoboCop,Action
220,7459,Speed Racer,Action
221,37834,Knight and Day,Action
222,75612,Oblivion,Action
223,1895,Star Wars: Episode III - Revenge of the Sith,Science Fiction
224,1894,Star Wars: Episode II - Attack of the Clones,Adventure
225,585,"Monsters, Inc.",Animation
226,76170,The Wolverine,Action
227,1893,Star Wars: Episode I - The Phantom Menace,Adventure
228,49519,The Croods,Adventure
229,12100,Windtalkers,Drama
230,290595,The Huntsman: Winter's War,Action
231,98566,Teenage Mutant Ninja Turtles,Science Fiction
232,49047,Gravity,Science Fiction
233,9619,Dante's Peak,Action
234,308531,Teenage Mutant Ninja Turtles: Out of the Shadows,Fantasy
235,166424,Fantastic Four,Action
236,1593,Night at the Museum,Action
237,254128,San Andreas,Action
238,714,Tomorrow Never Dies,Adventure
239,2024,The Patriot,Drama
240,163,Ocean's Twelve,Thriller
241,787,Mr. & Mrs. Smith,Action
242,262500,Insurgent,Adventure
243,2567,The Aviator,Drama
244,38745,Gulliver's Travels,Comedy
245,40805,The Green Hornet,Action
246,53182,300: Rise of an Empire,Action
247,41513,The Smurfs,Animation
248,13700,Home on the Range,Animation
249,262504,Allegiant,Adventure
250,39254,Real Steel,Action
251,77931,The Smurfs 2,Fantasy
252,1639,Speed 2: Cruise Control,Action
253,80274,Ender's Game,Science Fiction
254,1571,Live Free or Die Hard,Action
255,120,The Lord of the Rings: The Fellowship of the Ring,Adventure
256,10204,Around the World in 80 Days,Action
257,8489,Ali,Drama
258,2048,"I, Robot",Action
259,1495,Kingdom of Heaven,Drama
260,10137,Stuart Little,Animation
261,10198,The Princess and the Frog,Romance
262,286217,The Martian,Drama
263,1635,The Island,Action
264,9679,Gone in Sixty Seconds,Action
265,98,Gladiator,Action
266,180,Minority Report,Action
267,672,Harry Potter and the Chamber of Secrets,Adventure
268,36557,Casino Royale,Adventure
269,869,Planet of the Apes,Thriller
270,280,Terminator 2: Judgment Day,Action
271,11322,Public Enemies,History
272,4982,American Gangster,Drama
273,36955,True Lies,Action
274,18487,The Taking of Pelham 1 2 3,Thriller
275,39451,Little Fockers,Comedy
276,27581,The Other Guys,Action
277,9268,Eraser,Action
278,68718,Django Unchained,Drama
279,10545,The Hunchback of Notre Dame,Drama
280,11688,The Emperor's New Groove,Adventure
281,76163,The Expendables 2,Action
282,2059,National Treasure,Adventure
283,2486,Eragon,Fantasy
284,16523,Where the Wild Things Are,Family
285,116711,Epic,Animation
286,37710,The Tourist,Action
287,9946,End of Days,Action
288,1372,Blood Diamond,Drama
289,106646,The Wolf of Wall Street,Crime
290,414,Batman Forever,Action
291,563,Starship Troopers,Adventure
292,83542,Cloud Atlas,Drama
293,41216,Legend of the Guardians: The Owls of Ga'Hoole,Animation
294,314,Catwoman,Action
295,184315,Hercules,Action
296,9016,Treasure Planet,Adventure
297,18162,Land of the Lost,Adventure
298,138103,The Expendables 3,Action
299,257088,Point Break,Action
300,205775,In the Heart of the Sea,Thriller
301,22972,Green Zone,War
302,227973,The Peanuts Movie,Animation
303,1734,The Mummy Returns,Adventure
304,3131,Gangs of New York,Drama
305,9408,Surf's Up,Animation
306,9890,The Stepford Wives,Action
307,855,Black Hawk Down,Action
308,18,The Fifth Element,Adventure
309,10501,The Road to El Dorado,Adventure
310,57800,Ice Age: Continental Drift,Animation
311,150689,Cinderella,Romance
312,7980,The Lovely Bones,Fantasy
313,12,Finding Nemo,Animation
314,122,The Lord of the Rings: The Return of the King,Adventure
315,121,The Lord of the Rings: The Two Towers,Adventure
316,68737,Seventh Son,Adventure
317,1995,Lara Croft: Tomb Raider,Adventure
318,157353,Transcendence,Thriller
319,331,Jurassic Park III,Adventure
320,61791,Rise of the Planet of the Apes,Thriller
321,8204,The Spiderwick Chronicles,Adventure
322,47964,A Good Day to Die Hard,Action
323,9806,The Incredibles,Action
324,32657,Percy Jackson & the Olympians: The Lightning Thief,Adventure
325,607,Men in Black,Action
326,863,Toy Story 2,Animation
327,44048,Unstoppable,Action
328,5175,Rush Hour 2,Action
329,2655,What Lies Beneath,Drama
330,22794,Cloudy with a Chance of Meatballs,Animation
331,8355,Ice Age: Dawn of the Dinosaurs,Animation
332,116745,The Secret Life of Walter Mitty,Adventure
333,4327,Charlie's Angels,Action
334,1422,The Departed,Drama
335,10674,Mulan,Animation
336,7446,Tropic Thunder,Action
337,65754,The Girl with the Dragon Tattoo,Thriller
338,1572,Die Hard: With a Vengeance,Action
339,10528,Sherlock Holmes,Action
340,271969,Ben-Hur,Drama
341,10865,Atlantis: The Lost Empire,Animation
342,2253,Valkyrie,Drama
343,10661,You Don't Mess with the Zohan,Comedy
344,257344,Pixels,Action
345,644,A.I. Artificial Intelligence,Drama
346,10756,The Haunted Mansion,Thriller
347,686,Contact,Drama
348,9383,Hollow Man,Action
349,179,The Interpreter,Crime
350,76285,Percy Jackson: Sea of Monsters,Adventure
351,1996,Lara Croft Tomb Raider: The Cradle of Life,Action
352,291805,Now You See Me 2,Action
353,10003,The Saint,Thriller
354,1535,Spy Game,Action
355,2067,Mission to Mars,Science Fiction
356,46195,Rio,Animation
357,2277,Bicentennial Man,Comedy
358,4477,The Devil's Own,Crime
359,8665,K-19: The Widowmaker,Drama
360,921,Cinderella Man,Romance
361,664,Twister,Action
362,8358,Cast Away,Adventure
363,9836,Happy Feet,Animation
364,2502,The Bourne Supremacy,Action
365,9772,Air Force One,Action
366,161,Ocean's Eleven,Thriller
367,52451,The Three Musketeers,Adventure
368,76492,Hotel Transylvania,Animation
369,4523,Enchanted,Comedy
370,59961,Safe House,Action
371,10481,102 Dalmatians,Comedy
372,59108,Tower Heist,Action
373,1581,The Holiday,Comedy
374,9798,Enemy of the State,Action
375,22897,It's Complicated,Comedy
376,298,Ocean's Thirteen,Crime
377,7484,Open Season,Adventure
378,157350,Divergent,Adventure
379,853,Enemy at the Gates,War
380,10159,The Rundown,Adventure
381,9593,Last Action Hero,Adventure
382,1904,Memoirs of a Geisha,Drama
383,9615,The Fast and the Furious: Tokyo Drift,Action
384,297,Meet Joe Black,Fantasy
385,9884,Collateral Damage,Action
386,62764,Mirror Mirror,Adventure
387,22538,Scott Pilgrim vs. the World,Action
388,9341,The Core,Action
389,12107,Nutty Professor II: The Klumps,Fantasy
390,9637,Scooby-Doo,Mystery
391,49049,Dredd,Action
392,9339,Click,Comedy
393,8247,Jumper,Adventure
394,11253,Hellboy II: The Golden Army,Adventure
395,1949,Zodiac,Crime
396,8452,The 6th Day,Science Fiction
397,310,Bruce Almighty,Fantasy
398,27578,The Expendables,Thriller
399,954,Mission: Impossible,Adventure
400,70160,The Hunger Games,Science Fiction
401,45243,The Hangover Part II,Comedy
402,364,Batman Returns,Action
403,7518,Over the Hedge,Comedy
404,11544,Lilo & Stitch,Animation
405,9986,Charlotte's Web,Comedy
406,8656,Deep Impact,Action
407,9291,The Longest Yard,Comedy
408,55301,Alvin and the Chipmunks: Chipwrecked,Comedy
409,11665,Get Smart,Action
410,6964,Something's Gotta Give,Drama
411,11324,Shutter Island,Drama
412,12193,Four Christmases,Comedy
413,9928,Robots,Animation
414,754,Face/Off,Action
415,10202,Bedtime Stories,Fantasy
416,4147,Road to Perdition,Thriller
417,50546,Just Go with It,Romance
418,1701,Con Air,Action
419,13027,Eagle Eye,Mystery
420,2289,Cold Mountain,Drama
421,20504,The Book of Eli,Action
422,9574,Flubber,Comedy
423,11618,The Haunting,Horror
424,2300,Space Jam,Animation
425,10200,The Day the Earth Stood Still,Drama
426,8834,Conspiracy Theory,Action
427,228150,Fury,War
428,6068,Six Days Seven Nights,Action
429,9023,Spirit: Stallion of the Cimarron,Western
430,38317,Zookeeper,Comedy
431,2157,Lost in Space,Adventure
432,14462,The Manchurian Candidate,Drama
433,159824,Hotel Transylvania 2,Animation
434,49948,Fantasia 2000,Animation
435,2135,The Time Machine,Science Fiction
436,9705,Swordfish,Action
437,1656,The Legend of Zorro,Action
438,12159,What Dreams May Come,Drama
439,4442,The Brothers Grimm,Adventure
440,75,Mars Attacks!,Comedy
441,19959,Surrogates,Action
442,11228,Daylight,Action
443,5491,Battlefield Earth,Action
444,10715,Looney Tunes: Back in Action,Animation
445,9562,Timeline,Action
446,9922,The Postman,Drama
447,9447,Babe: Pig in the City,Adventure
448,274854,The Last Witch Hunter,Fantasy
449,8870,Red Planet,Thriller
450,9992,Arthur and the Invisibles,Adventure
451,76649,Pompeii,Action
452,453,A Beautiful Mind,Drama
453,8587,The Lion King,Family
454,72545,Journey 2: The Mysterious Island,Adventure
455,109451,Cloudy with a Chance of Meatballs 2,Animation
456,9533,Red Dragon,Crime
457,2023,Hidalgo,Western
458,71880,Jack and Jill,Comedy
459,584,2 Fast 2 Furious,Action
460,309809,The Little Prince,Adventure
461,4858,The Invasion,Science Fiction
462,328111,The Secret Life of Pets,Animation
463,8698,The League of Extraordinary Gentlemen,Fantasy
464,93456,Despicable Me 2,Animation
465,602,Independence Day,Action
466,330,The Lost World: Jurassic Park,Adventure
467,953,Madagascar,Family
468,9693,Children of Men,Drama
469,36657,X-Men,Adventure
470,8909,Wanted,Action
471,9802,The Rock,Action
472,950,Ice Age: The Meltdown,Animation
473,1824,50 First Dates,Comedy
474,2976,Hairspray,Family
475,75656,Now You See Me,Thriller
476,38365,Grown Ups,Comedy
477,594,The Terminal,Comedy
478,11678,Vertical Limit,Action
479,6538,Charlie Wilson's War,Comedy
480,10555,Shark Tale,Animation
481,1125,Dreamgirls,Drama
482,4551,Be Cool,Comedy
483,612,Munich,Drama
484,9567,Tears of the Sun,Action
485,37821,Killers,Action
486,203801,The Man from U.N.C.L.E.,Comedy
487,2539,Spanglish,Comedy
488,9297,Monster House,Animation
489,3172,Bandits,Action
490,6520,First Knight,Action
491,37958,Immortals,Fantasy
492,2026,Hostage,Mystery
493,7450,Titan A.E.,Animation
494,11866,Flight of the Phoenix,Action
495,9741,Unbreakable,Science Fiction
496,211672,Minions,Family
497,23629,Sucker Punch,Action
498,8688,Snake Eyes,Crime
499,10153,Sphere,Science Fiction
500,153518,The Angry Birds Movie,Family
501,8676,Fool's Gold,Romance
502,20829,Funny People,Comedy
503,4349,The Kingdom,Thriller
504,9718,Talladega Nights: The Ballad of Ricky Bobby,Comedy
505,10808,Dr. Dolittle 2,Comedy
506,197,Braveheart,Action
507,25,Jarhead,Drama
508,35,The Simpsons Movie,Animation
509,6947,The Village,Drama
510,3050,Doctor Dolittle,Comedy
511,2675,Signs,Drama
512,809,Shrek 2,Adventure
513,920,Cars,Animation
514,4806,Runaway Bride,Comedy
515,7451,xXx,Action
516,228165,The SpongeBob Movie: Sponge Out of Water,Animation
517,3595,Ransom,Action
518,16869,Inglourious Basterds,Drama
519,879,Hook,Adventure
520,1573,Die Hard 2,Action
521,9257,S.W.A.T.,Action
522,1903,Vanilla Sky,Drama
523,9697,Lady in the Water,Drama
524,395,AVP: Alien vs. Predator,Adventure
525,23398,Alvin and the Chipmunks: The Squeakquel,Comedy
526,10590,We Were Soldiers,Action
527,117263,Olympus Has Fallen,Action
528,200,Star Trek: Insurrection,Science Fiction
529,44943,Battle: Los Angeles,Action
530,587,Big Fish,Adventure
531,57212,War Horse,Drama
532,152760,The Monuments Men,War
533,33909,Wall Street: Money Never Sleeps,Drama
534,49017,Dracula Untold,Horror
535,9882,The Siege,Drama
536,2270,Stardust,Adventure
537,978,Seven Years in Tibet,Adventure
538,44564,The Dilemma,Comedy
539,3132,Bad Company,Action
540,8814,Doom,Adventure
541,8427,I Spy,Action
542,52520,Underworld: Awakening,Fantasy
543,80585,Rock of Ages,Comedy
544,10592,Hart's War,Drama
545,49021,Killer Elite,Action
546,12610,Osmosis Jones,Adventure
547,201088,Blackhat,Crime
548,5137,Sky Captain and the World of Tomorrow,Mystery
549,107846,Escape Plan,Action
550,188207,The Legend of Hercules,Action
551,4614,The Sum of All Fears,Thriller
552,24021,The Twilight Saga: Eclipse,Adventure
553,11371,The Score,Action
554,20352,Despicable Me,Animation
555,214756,Ted 2,Comedy
556,26428,Agora,Adventure
557,9824,Mystery Men,Adventure
558,48988,Hall Pass,Comedy
559,9008,The Insider,Drama
560,300673,The Finest Hours,Action
561,12113,Body of Lies,Action
562,38778,Dinner for Schmucks,Comedy
563,72331,Abraham Lincoln: Vampire Hunter,Action
564,1844,Entrapment,Romance
565,846,The X Files,Mystery
566,857,Saving Private Ryan,Drama
567,136797,Need for Speed,Action
568,3981,What Women Want,Comedy
569,425,Ice Age,Animation
570,6171,Dreamcatcher,Drama
571,72976,Lincoln,History
572,603,The Matrix,Action
573,568,Apollo 13,Drama
574,9021,The Santa Clause 2,Fantasy
575,82695,Les Misérables,Drama
576,9489,You've Got Mail,Comedy
577,12133,Step Brothers,Comedy
578,9342,The Mask of Zorro,Action
579,41733,Due Date,Comedy
580,227306,Unbroken,Drama
581,5551,Space Cowboys,Action
582,9350,Cliffhanger,Action
583,9208,Broken Arrow,Action
584,4244,The Kid,Fantasy
585,1852,World Trade Center,Drama
586,76493,The Dictator,Comedy
587,345,Eyes Wide Shut,Mystery
588,196867,Annie,Comedy
589,256591,Focus,Romance
590,59962,This Means War,Action
591,36648,Blade: Trinity,Science Fiction
592,71679,Resident Evil: Retribution,Action
593,10483,Death Race,Action
594,11412,The Long Kiss Goodnight,Crime
595,6795,Zathura: A Space Adventure,Family
596,550,Fight Club,Drama
597,9292,Hudson Hawk,Action
598,100241,"I, Frankenstein",Horror
599,257,Oliver Twist,Crime
600,9947,Elektra,Action
601,189,Sin City: A Dame to Kill For,Crime
602,253412,Everest,Adventure
603,1427,Perfume: The Story of a Murderer,Crime
604,818,Austin Powers in Goldmember,Comedy
605,16577,Astro Boy,Animation
606,329,Jurassic Park,Adventure
607,9331,Clear and Present Danger,Action
608,9072,Little Man,Comedy
609,3536,U-571,Action
610,12177,The Love Guru,Comedy
611,273248,The Hateful Eight,Crime
612,50359,Hop,Animation
613,1271,300,Action
614,693,Meet the Fockers,Comedy
615,14306,Marley & Me,Comedy
616,497,The Green Mile,Fantasy
617,9982,Chicken Little,Animation
618,210577,Gone Girl,Mystery
619,2501,The Bourne Identity,Action
620,710,GoldenEye,Adventure
621,37165,The Truman Show,Comedy
622,9837,The Prince of Egypt,Adventure
623,10708,Daddy Day Care,Comedy
624,136400,2 Guns,Action
625,10992,Cats & Dogs,Comedy
626,9654,The Italian Job,Action
627,2642,Two Weeks Notice,Romance
628,8916,Antz,Adventure
629,19899,Couples Retreat,Comedy
630,2119,Days of Thunder,Adventure
631,9641,Cheaper by the Dozen 2,Comedy
632,294254,Maze Runner: The Scorch Trials,Action
633,38167,Eat Pray Love,Drama
634,39514,RED,Action
635,9563,Any Given Sunday,Drama
636,547,The Horse Whisperer,Drama
637,1538,Collateral,Drama
638,9334,The Scorpion King,Action
639,75780,Jack Reacher,Crime
640,8914,Deep Blue Sea,Action
641,39538,Contagion,Drama
642,14836,Coraline,Animation
643,8645,The Happening,Thriller
644,9509,Man on Fire,Action
645,9384,Starsky & Hutch,Comedy
646,9279,Jingle All the Way,Family
647,1487,Hellboy,Fantasy
648,77174,ParaNorman,Family
649,4824,The Jackal,Action
650,9620,Paycheck,Action
651,10199,The Tale of Despereaux,Adventure
652,137094,Jack Ryan: Shadow Recruit,Action
653,274479,Joy,Drama
654,267860,London Has Fallen,Action
655,8078,Alien: Resurrection,Science Fiction
656,7485,Shooter,Action
657,170687,The Boxtrolls,Animation
658,6435,Practical Magic,Drama
659,137106,The Lego Movie,Adventure
660,6278,Reign of Fire,Adventure
661,82682,Gangster Squad,Crime
662,17610,Year One,Comedy
663,22954,Invictus,Drama
664,16995,State of Play,Action
665,16866,Planet 51,Science Fiction
666,201,Star Trek: Nemesis,Science Fiction
667,11775,Intolerable Cruelty,Crime
668,12201,Edge of Darkness,Crime
669,9932,Analyze That,Comedy
670,13389,Righteous Kill,Action
671,17332,The Soloist,Drama
672,4958,The Legend of Bagger Vance,Fantasy
673,786,Almost Famous,Drama
674,11679,xXx: State of the Union,Action
675,38321,Priest,Action
676,14411,Sinbad: Legend of the Seven Seas,Family
677,8413,Event Horizon,Horror
678,9676,The Black Dahlia,Drama
679,9664,Flyboys,Action
680,2100,The Last Castle,Action
681,137321,Winter's Tale,Drama
682,123553,The Mortal Instruments: City of Bones,Action
683,11260,Meet Dave,Comedy
684,9009,Dark Water,Drama
685,2309,Inkheart,Adventure
686,8285,The Spirit,Action
687,210860,Mortdecai,Comedy
688,293660,Deadpool,Action
689,190859,American Sniper,War
690,257445,Goosebumps,Adventure
691,9007,Just Like Heaven,Comedy
692,24438,Did You Hear About the Morgans?,Comedy
693,116741,The Internship,Comedy
694,35791,Resident Evil: Afterlife,Action
695,1813,The Devil's Advocate,Drama
696,87428,That's My Boy,Comedy
697,8840,DragonHeart,Fantasy
698,10589,After the Sunset,Action
699,71676,Ghost Rider: Spirit of Vengeance,Action
700,10022,The Pacifier,Action
701,11358,Walking Tall,Adventure
702,13,Forrest Gump,Comedy
703,6477,Alvin and the Chipmunks,Comedy
704,1597,Meet the Parents,Comedy
705,10530,Pocahontas,Adventure
706,9327,The Nutty Professor,Fantasy
707,8488,Hitch,Comedy
708,8273,American Wedding,Comedy
709,109424,Captain Phillips,Action
710,35056,Date Night,Comedy
711,8839,Casper,Fantasy
712,156022,The Equalizer,Thriller
713,7303,Maid in Manhattan,Comedy
714,8963,Crimson Tide,Action
715,1402,The Pursuit of Happyness,Drama
716,9315,Flightplan,Thriller
717,795,City of Angels,Drama
718,24,Kill Bill: Vol. 1,Action
719,393,Kill Bill: Vol. 2,Action
720,9374,Death Becomes Her,Fantasy
721,8584,Shanghai Noon,Adventure
722,2320,Executive Decision,Action
723,58224,Mr. Popper's Penguins,Comedy
724,1729,The Forbidden Kingdom,Action
725,175574,Free Birds,Animation
726,8077,Alien³,Science Fiction
727,8195,Ronin,Action
728,10586,The Ghost and the Darkness,Adventure
729,116149,Paddington,Family
730,80035,The Watch,Comedy
731,72197,The Pirates! In an Adventure with Scientists!,Animation
732,3580,Changeling,Crime
733,12123,Chain Reaction,Action
734,9833,The Phantom of the Opera,Thriller
735,4517,Elizabeth: The Golden Age,Drama
736,8202,Æon Flux,Action
737,145220,Muppets Most Wanted,Comedy
738,42297,Burlesque,Drama
739,36586,Blade II,Fantasy
740,11321,Seven Pounds,Drama
741,242,The Godfather: Part III,Crime
742,9621,Elizabethtown,Comedy
743,1819,"You, Me and Dupree",Comedy
744,479,Shaft,Action
745,9444,Anastasia,Animation
746,824,Moulin Rouge!,Drama
747,261023,Black Mass,Crime
748,3683,Flags of Our Fathers,War
749,22803,Law Abiding Citizen,Drama
750,285923,Grindhouse,Thriller
751,640,Catch Me If You Can,Drama
752,97630,Zero Dark Thirty,Thriller
753,9767,The Break-Up,Romance
754,11631,Mamma Mia!,Comedy
755,32856,Valentine's Day,Comedy
756,6519,The Dukes of Hazzard,Action
757,8741,The Thin Red Line,Drama
758,49520,The Change-Up,Comedy
759,1850,Man on the Moon,Comedy
760,524,Casino,Drama
761,26389,From Paris with Love,Action
762,2123,"Me, Myself & Irene",Comedy
763,18239,The Twilight Saga: New Moon,Adventure
764,808,Shrek,Adventure
765,38050,The Adjustment Bureau,Science Fiction
766,8367,Robin Hood: Prince of Thieves,Adventure
767,9390,Jerry Maguire,Comedy
768,72105,Ted,Comedy
769,2898,As Good as It Gets,Comedy
770,10312,Patch Adams,Comedy
771,109443,Anchorman 2: The Legend Continues,Comedy
772,2022,Mr. Deeds,Comedy
773,37686,Super 8,Thriller
774,462,Erin Brockovich,Drama
775,9919,How to Lose a Guy in 10 Days,Comedy
776,187017,22 Jump Street,Crime
777,628,Interview with the Vampire,Horror
778,10201,Yes Man,Comedy
779,302699,Central Intelligence,Action
780,274167,Daddy's Home,Comedy
781,224141,Into the Woods,Fantasy
782,388,Inside Man,Crime
783,2112,Payback,Drama
784,74465,We Bought a Zoo,Drama
785,13811,Knowing,Action
786,6877,Failure to Launch,Comedy
787,10320,The Ring Two,Drama
788,50646,"Crazy, Stupid, Love.",Comedy
789,8920,Garfield,Animation
790,60308,Moneyball,Drama
791,6950,Outbreak,Action
792,225574,Non-Stop,Action
793,13836,Race to Witch Mountain,Adventure
794,752,V for Vendetta,Action
795,6038,Shanghai Knights,Action
796,11451,Herbie Fully Loaded,Comedy
797,60304,Hansel & Gretel: Witch Hunters,Fantasy
798,2251,Unfaithful,Thriller
799,46529,I Am Number Four,Action
800,231,Syriana,Drama
801,300671,13 Hours: The Secret Soldiers of Benghazi,Action
802,228326,The Book of Life,Romance
803,9754,Firewall,Thriller
804,4421,G.I. Jane,Action
805,2649,The Game,Drama
806,588,Silent Hill,Horror
807,71552,American Reunion,Comedy
808,9631,The Negotiator,Action
809,216282,Into the Storm,Action
810,306,Beverly Hills Cop III,Action
811,928,Gremlins 2: The New Batch,Comedy
812,205587,The Judge,Drama
813,1577,Resident Evil: Apocalypse,Horror
814,9801,Bridget Jones: The Edge of Reason,Comedy
815,2116,Out of Time,Thriller
816,14199,The Adventures of Sharkboy and Lavagirl,Adventure
817,1907,The Beach,Drama
818,22832,Ninja Assassin,Action
819,11892,Murder by Numbers,Crime
820,9691,Assassins,Action
821,1248,Hannibal Rising,Crime
822,72710,The Host,Action
823,10782,Basic,Action
824,4959,The International,Drama
825,10061,Escape from L.A.,Action
826,10386,The Iron Giant,Adventure
827,421,The Life Aquatic with Steve Zissou,Adventure
828,316152,Free State of Jones,War
829,11615,The Life of David Gale,Drama
830,241554,Run All Night,Action
831,2252,Eastern Promises,Thriller
832,11968,Into the Blue,Action
833,38319,Your Highness,Comedy
834,69668,Dream House,Drama
835,11212,Baby's Day Out,Action
836,38363,Fair Game,Drama
837,9923,Domino,Action
838,18501,Gamer,Action
839,109491,Beautiful Creatures,Fantasy
840,329833,Zoolander 2,Comedy
841,47327,Drive Angry,Fantasy
842,10796,The One,Action
843,18947,The Boat That Rocked,Drama
844,1900,Traffic,Thriller
845,198184,Chappie,Crime
846,9481,The Bone Collector,Drama
847,4547,Panic Room,Crime
848,6415,Three Kings,Action
849,181283,Child 44,Crime
850,9896,Rat Race,Adventure
851,167,K-PAX,Drama
852,1636,Bedazzled,Fantasy
853,5176,3:10 to Yuma,Western
854,260346,Taken 3,Thriller
855,1389,Out of Sight,Romance
856,9894,The Cable Guy,Comedy
857,8592,Dick Tracy,Adventure
858,913,The Thomas Crown Affair,Drama
859,8874,My Best Friend's Wedding,Comedy
860,320,Insomnia,Crime
861,199,Star Trek: First Contact,Science Fiction
862,20533,Jonah Hex,Action
863,10684,Courage Under Fire,Drama
864,1624,Liar Liar,Comedy
865,325789,The Infiltrator,Crime
866,888,The Flintstones,Fantasy
867,82675,Taken 2,Action
868,4256,Scary Movie 3,Comedy
869,1493,Miss Congeniality,Comedy
870,88751,Journey to the Center of the Earth,Action
871,11130,The Princess Diaries 2: Royal Engagement,Comedy
872,9944,The Pelican Brief,Drama
873,10731,The Client,Drama
874,7350,The Bucket List,Drama
875,9869,Patriot Games,Drama
876,4379,Monster-in-Law,Romance
877,146233,Prisoners,Drama
878,2034,Training Day,Action
879,926,Galaxy Quest,Comedy
880,4248,Scary Movie 2,Comedy
881,64328,The Muppets,Comedy
882,36647,Blade,Horror
883,7214,Coach Carter,Drama
884,1537,Changing Lanes,Action
885,9360,Anaconda,Adventure
886,6282,Coyote Ugly,Comedy
887,508,Love Actually,Comedy
888,9487,A Bug's Life,Adventure
889,768,From Hell,Horror
890,2636,The Specialist,Action
891,7453,The Hitchhiker's Guide to the Galaxy,Adventure
892,7737,Resident Evil: Extinction,Horror
893,232672,Blended,Comedy
894,82525,Savages,Crime
895,9759,Cellular,Action
896,9486,Johnny English,Adventure
897,9906,The Ant Bully,Fantasy
898,4148,Revolutionary Road,Drama
899,2207,16 Blocks,Action
900,9381,Babylon A.D.,Action
901,20856,Aliens in the Attic,Adventure
902,11439,The Ghost Writer,Thriller
903,13184,Bangkok Dangerous,Action
904,58233,Johnny English Reborn,Crime
905,68734,Argo,Drama
906,5503,The Fugitive,Adventure
907,27573,The Bounty Hunter,Action
908,819,Sleepers,Crime
909,834,Underworld: Evolution,Fantasy
910,228066,Victor Frankenstein,Drama
911,711,Finding Forrester,Drama
912,10027,Unleashed,Action
913,11812,The Sweetest Thing,Romance
914,37233,The Firm,Drama
915,37950,Charlie St. Cloud,Drama
916,27582,The Mechanic,Action
917,64688,21 Jump Street,Action
918,509,Notting Hill,Romance
919,7443,Chicken Run,Animation
920,5966,Along Came Polly,Comedy
921,136795,The Heat,Action
922,2637,The Mothman Prophecies,Drama
923,49730,Red Riding Hood,Fantasy
924,9607,Super Mario Bros.,Adventure
925,1830,Lord of War,Crime
926,54054,One for the Money,Action
927,228967,The Interview,Action
928,65,8 Mile,Drama
929,9476,A Knight's Tale,Adventure
930,745,The Sixth Sense,Mystery
931,49527,Man on a Ledge,Action
932,73937,The Big Year,Comedy
933,168672,American Hustle,Drama
934,18240,The Proposal,Comedy
935,10398,Double Jeopardy,Crime
936,240832,Lucy,Action
937,216015,Fifty Shades of Grey,Drama
938,12279,Spy Kids 3-D: Game Over,Action
939,1645,A Time to Kill,Crime
940,11007,Cheaper by the Dozen,Comedy
941,193756,Lone Survivor,Action
942,11287,A League of Their Own,Comedy
943,259693,The Conjuring 2,Horror
944,37799,The Social Network,Drama
945,10184,He's Just Not That Into You,Comedy
946,4257,Scary Movie 4,Comedy
947,4234,Scream 3,Horror
948,196,Back to the Future Part III,Adventure
949,257091,Get Hard,Comedy
950,6114,Dracula,Romance
951,24803,Julie & Julia,Romance
952,109410,42,Drama
953,1213,The Talented Mr. Ripley,Thriller
954,100042,Dumb and Dumber To,Comedy
955,9036,Eight Below,Adventure
956,257211,The Intern,Comedy
957,323675,Ride Along 2,Action
958,9361,The Last of the Mohicans,Action
959,1677,Ray,Drama
960,187,Sin City,Action
961,7461,Vantage Point,Drama
962,16538,"I Love You, Man",Comedy
963,9889,Shallow Hal,Comedy
964,820,JFK,Drama
965,11565,Big Momma's House 2,Comedy
966,6073,The Mexican,Action
967,16996,17 Again,Comedy
968,193610,The Other Woman,Comedy
969,19912,The Final Destination,Horror
970,296098,Bridge of Spies,Thriller
971,8007,Behind Enemy Lines,Action
972,32823,Get Him to the Greek,Comedy
973,4380,Shall We Dance?,Drama
974,11551,Small Soldiers,Comedy
975,10336,Spawn,Action
976,11362,The Count of Monte Cristo,Action
977,50348,The Lincoln Lawyer,Crime
978,48138,Unknown,Action
979,1124,The Prestige,Drama
980,227159,Horrible Bosses 2,Comedy
981,68179,Escape from Planet Earth,Animation
982,1579,Apocalypto,Action
983,34851,Predators,Action
984,1586,Secret Window,Thriller
985,2044,The Lake House,Romance
986,9913,The Skeleton Key,Drama
987,10761,Made of Honor,Comedy
988,209451,Jersey Boys,Music
989,11975,The Rainmaker,Drama
990,4970,Gothika,Horror
991,11831,Amistad,Drama
992,440,Aliens vs Predator: Requiem,Fantasy
993,11172,Music and Lyrics,Comedy
994,39513,Paul,Adventure
995,82687,The Guilt Trip,Comedy
996,41446,Scream 4,Horror
997,8224,8MM,Thriller
998,10537,The Doors,Drama
999,225886,Sex Tape,Comedy
1000,55779,Final Destination 5,Horror
1001,10647,Pay It Forward,Drama
1002,64685,Extremely Loud & Incredibly Close,Drama
1003,38357,Morning Glory,Comedy
1004,1921,Sweet November,Drama
1005,62835,Colombiana,Action
1006,10802,Showgirls,Drama
1007,1887,Marie Antoinette,Drama
1008,80278,The Impossible,Thriller
1009,10315,Fantastic Mr. Fox,Adventure
1010,8849,Alfie,Comedy
1011,24418,Cirque du Freak: The Vampire's Assistant,Adventure
1012,19898,Pandorum,Action
1013,1272,Sunshine,Science Fiction
1014,72358,A Thousand Words,Drama
1015,266396,The Gunman,Action
1016,8271,Disturbia,Thriller
1017,10428,Hackers,Action
1018,9495,The Crow,Fantasy
1019,24420,The Time Traveler's Wife,Drama
1020,62214,Frankenweenie,Animation
1021,16320,Serenity,Science Fiction
1022,64807,Grudge Match,Comedy
1023,11529,Sweet Home Alabama,Comedy
1024,20943,The Ugly Truth,Comedy
1025,9488,Spy Kids 2: The Island of Lost Dreams,Action
1026,193,Star Trek: Generations,Science Fiction
1027,55787,Water for Elephants,Drama
1028,10400,The Hurricane,Drama
1029,1957,Enough,Drama
1030,256961,Paul Blart: Mall Cop 2,Action
1031,622,The Ninth Gate,Horror
1032,25793,Precious,Drama
1033,87421,Riddick,Science Fiction
1034,13600,City of Ember,Adventure
1035,68722,The Master,Drama
1036,299687,The 5th Wave,Adventure
1037,312221,Creed,Drama
1038,23168,The Town,Crime
1039,76494,What to Expect When You're Expecting,Romance
1040,4944,Burn After Reading,Comedy
1041,10488,Nim's Island,Adventure
1042,96721,Rush,Drama
1043,334,Magnolia,Drama
1044,23742,Cop Out,Action
1045,259694,How to Be Single,Comedy
1046,8966,Twilight,Adventure
1047,8470,John Q,Drama
1048,11001,Blue Streak,Action
1049,138832,We're the Millers,Comedy
1050,23048,Hot Tub Time Machine,Science Fiction
1051,8409,A Man Apart,Action
1052,222936,Aloha,Drama
1053,48171,The Rite,Drama
1054,782,Gattaca,Thriller
1055,18785,The Hangover,Comedy
1056,817,Austin Powers: The Spy Who Shagged Me,Adventure
1057,943,Lethal Weapon 3,Adventure
1058,22881,The Blind Side,Drama
1059,10054,Spy Kids,Action
1060,51540,Horrible Bosses,Comedy
1061,44264,True Grit,Drama
1062,350,The Devil Wears Prada,Comedy
1063,1598,Cape Fear,Crime
1064,8065,21,Drama
1065,271718,Trainwreck,Comedy
1066,409,The English Patient,Drama
1067,2118,L.A. Confidential,Crime
1068,11459,Sky High,Adventure
1069,9348,Species,Science Fiction
1070,8843,The Cell,Horror
1071,1273,TMNT,Adventure
1072,50544,Friends with Benefits,Romance
1073,325133,Neighbors 2: Sorority Rising,Comedy
1074,140823,Saving Mr. Banks,Comedy
1075,1883,Malcolm X,Drama
1076,89492,This Is 40,Comedy
1077,12437,Underworld: Rise of the Lycans,Fantasy
1078,2959,License to Wed,Comedy
1079,9366,Donnie Brasco,Crime
1080,1576,Resident Evil,Horror
1081,13051,Max Payne,Action
1082,49530,In Time,Action
1083,34806,The Back-Up Plan,Comedy
1084,49022,Something Borrowed,Comedy
1085,11667,Street Fighter,Action
1086,423,The Pianist,Drama
1087,10066,House of Wax,Horror
1088,2288,Closer,Drama
1089,88794,J. Edgar,Drama
1090,13515,Mirrors,Horror
1091,11979,Queen of the Damned,Drama
1092,169,Predator 2,Science Fiction
1093,8090,Untraceable,Drama
1094,11622,Blast from the Past,Comedy
1095,9541,Jersey Girl,Comedy
1096,94348,Alex Cross,Action
1097,336004,Heist,Crime
1098,35019,Nanny McPhee and the Big Bang,Comedy
1099,8836,The X Files: I Want to Believe,Drama
1100,14442,Ella Enchanted,Family
1101,321741,Concussion,Drama
1102,59965,Abduction,Thriller
1103,14175,Valiant,Animation
1104,11918,Superhero Movie,Action
1105,98357,Broken City,Thriller
1106,49526,Premium Rush,Crime
1107,268920,Hot Pursuit,Action
1108,119283,Parker,Action
1109,11823,Wimbledon,Comedy
1110,18320,The Young Victoria,Drama
1111,8967,The Tree of Life,Drama
1112,144336,Sabotage,Action
1113,13056,Punisher: War Zone,Action
1114,285783,The Walk,Adventure
1115,9726,A Good Year,Comedy
1116,198663,The Maze Runner,Action
1117,239573,Unfinished Business,Comedy
1118,1381,The Fountain,Drama
1119,127493,Stolen,Action
1120,228205,The Longest Ride,Drama
1121,2900,The Astronaut's Wife,Drama
1122,881,A Few Good Men,Drama
1123,9600,Big Momma's House,Crime
1124,71469,The Darkest Hour,Horror
1125,85446,Step Up Revolution,Music
1126,326,Snakes on a Plane,Action
1127,7220,The Punisher,Action
1128,9763,Goal!: The Dream Begins,Drama
1129,72387,Safe,Action
1130,13460,Doomsday,Action
1131,8055,The Reader,Drama
1132,50647,Wanderlust,Comedy
1133,10719,Elf,Comedy
1134,9294,Phenomenon,Drama
1135,9353,Nacho Libre,Comedy
1136,55721,Bridesmaids,Comedy
1137,109414,This Is the End,Action
1138,10307,Stigmata,Horror
1139,11978,Men of Honor,Drama
1140,22907,Takers,Action
1141,87567,The Big Wedding,Comedy
1142,38322,"Big Mommas: Like Father, Like Son",Crime
1143,45612,Source Code,Thriller
1144,7305,Alive,Action
1145,3594,The Number 23,Thriller
1146,157841,The Young and Prodigious T.S. Spivet,Adventure
1147,59,A History of Violence,Drama
1148,9335,Transporter 2,Action
1149,12106,The Quick and the Dead,Action
1150,31867,Repo Men,Action
1151,124459,The Incredible Burt Wonderstone,Comedy
1152,38073,Going the Distance,Comedy
1153,302156,Criminal,Action
1154,87502,Flight,Drama
1155,120467,The Grand Budapest Hotel,Comedy
1156,6488,Arachnophobia,Comedy
1157,10559,Frequency,Crime
1158,296099,Vacation,Comedy
1159,8012,Get Shorty,Comedy
1160,1574,Chicago,Action
1161,9032,Big Daddy,Comedy
1162,2770,American Pie 2,Comedy
1163,862,Toy Story,Animation
1164,1637,Speed,Action
1165,72570,The Vow,Drama
1166,10637,Remember the Titans,Drama
1167,1669,The Hunt for Red October,Action
1168,132363,The Butler,Drama
1169,9472,DodgeBall: A True Underdog Story,Comedy
1170,2907,The Addams Family,Horror
1171,9273,Ace Ventura: When Nature Calls,Crime
1172,9880,The Princess Diaries,Comedy
1173,807,Se7en,Crime
1174,17654,District 9,Science Fiction
1175,11836,The SpongeBob SquarePants Movie,Animation
1176,322,Mystic River,Thriller
1177,70,Million Dollar Baby,Drama
1178,9535,Analyze This,Comedy
1179,11036,The Notebook,Romance
1180,6557,27 Dresses,Comedy
1181,18126,Hannah Montana: The Movie,Comedy
1182,4476,Legends of the Fall,Adventure
1183,22947,Up in the Air,Drama
1184,2755,About Schmidt,Drama
1185,82654,Warm Bodies,Horror
1186,59967,Looper,Action
1187,9598,Babe,Fantasy
1188,82696,Hope Springs,Drama
1189,9870,Forgetting Sarah Marshall,Comedy
1190,8292,Four Brothers,Action
1191,10521,Bride Wars,Comedy
1192,10096,13 Going on 30,Comedy
1193,59436,Midnight in Paris,Fantasy
1194,4133,Blow,Crime
1195,36593,The Naked Gun 33⅓: The Final Insult,Comedy
1196,533,The Curse of the Were-Rabbit,Adventure
1197,6023,P.S. I Love You,Drama
1198,4347,Atonement,Drama
1199,3933,Corpse Bride,Romance
1200,273481,Sicario,Action
1201,307081,Southpaw,Action
1202,16871,Drag Me to Hell,Horror
1203,293863,The Age of Adaline,Fantasy
1204,41233,Step Up 3D,Drama
1205,1262,Stranger Than Fiction,Comedy
1206,4513,30 Days of Night,Horror
1207,22970,The Cabin in the Woods,Horror
1208,7278,Meet the Spartans,Comedy
1209,50456,Hanna,Action
1210,59861,Larry Crowne,Comedy
1211,133805,Carrie,Drama
1212,12244,9,Action
1213,109421,Side Effects,Thriller
1214,51162,Winnie the Pooh,Animation
1215,48340,Sanctum,Action
1216,72207,The Five-Year Engagement,Comedy
1217,43539,The Next Three Days,Romance
1218,9920,Ultraviolet,Science Fiction
1219,8978,Assault on Precinct 13,Thriller
1220,43347,Love & Other Drugs,Drama
1221,3489,88 Minutes,Crime
1222,2122,The Whole Ten Yards,Comedy
1223,13150,Pride and Glory,Thriller
1224,58151,Fright Night,Horror
1225,11400,The New World,Drama
1226,8054,The Imaginarium of Doctor Parnassus,Adventure
1227,146238,Runner Runner,Crime
1228,4512,The Assassination of Jesse James by the Coward Robert Ford,Action
1229,45610,Machine Gun Preacher,Action
1230,223702,Sausage Party,Adventure
1231,254470,Pitch Perfect 2,Comedy
1232,69,Walk the Line,Drama
1233,4912,Confessions of a Dangerous Mind,Comedy
1234,323676,The Boss,Comedy
1235,11249,Seed of Chucky,Drama
1236,9667,The Jacket,Drama
1237,812,Aladdin,Animation
1238,277216,Straight Outta Compton,Drama
1239,2043,Along Came a Spider,Crime
1240,315664,Florence Foster Jenkins,Comedy
1241,1428,Once Upon a Time in Mexico,Action
1242,15373,Role Models,Comedy
1243,318846,The Big Short,Comedy
1244,924,Dawn of the Dead,Fantasy
1245,2018,The Wedding Planner,Comedy
1246,9428,The Royal Tenenbaums,Comedy
1247,2832,Identity,Mystery
1248,137093,Last Vegas,Comedy
1249,9778,Serendipity,Comedy
1250,8831,Timecop,Thriller
1251,9398,Zoolander,Comedy
1252,112949,Safe Haven,Romance
1253,10439,Hocus Pocus,Comedy
1254,3638,No Reservations,Comedy
1255,23483,Kick-Ass,Action
1256,62206,30 Minutes or Less,Action
1257,218778,"Alexander and the Terrible, Horrible, No Good, Very Bad Day",Family
1258,4348,Pride & Prejudice,Drama
1259,192102,3 Days to Kill,Action
1260,2001,We Own the Night,Drama
1261,10025,Just My Luck,Comedy
1262,23172,The Spy Next Door,Action
1263,10016,Ghosts of Mars,Action
1264,58431,Pride and Prejudice and Zombies,Romance
1265,13092,How to Lose Friends & Alienate People,Comedy
1266,59859,Kick-Ass 2,Action
1267,254473,Brick Mansions,Action
1268,4964,Knocked Up,Comedy
1269,10024,My Sister's Keeper,Drama
1270,1259,Notes on a Scandal,Drama
1271,174,Star Trek VI: The Undiscovered Country,Science Fiction
1272,9437,Kiss the Girls,Drama
1273,245,About a Boy,Drama
1274,9825,Lake Placid,Horror
1275,186,Lucky Number Slevin,Drama
1276,61891,Anonymous,Drama
1277,2666,Dark City,Mystery
1278,28355,Case 39,Horror
1279,303858,Money Monster,Thriller
1280,16617,Mindhunters,Mystery
1281,14560,Paul Blart: Mall Cop,Action
1282,10330,Freaky Friday,Comedy
1283,6957,The 40 Year Old Virgin,Comedy
1284,1934,Shakespeare in Love,Romance
1285,169917,A Walk Among the Tombstones,Crime
1286,951,Kindergarten Cop,Comedy
1287,10189,Pineapple Express,Action
1288,9454,Ever After: A Cinderella Story,Drama
1289,2055,Open Range,Western
1290,1551,Flatliners,Drama
1291,11460,Red Eye,Horror
1292,9358,Final Destination 2,Horror
1293,134,"O Brother, Where Art Thou?",Action
1294,22894,Legion,Horror
1295,134374,Pain & Gain,Thriller
1296,7445,Brothers,Drama
1297,62838,New Year's Eve,Comedy
1298,70436,The Raven,Crime
1299,238615,Self/less,Science Fiction
1300,1985,The Constant Gardener,Drama
1301,615,The Passion of the Christ,Drama
1302,788,Mrs. Doubtfire,Comedy
1303,13223,Gran Torino,Drama
1304,8681,Taken,Action
1305,239571,The Best of Me,Drama
1306,619,The Bodyguard,Thriller
1307,424,Schindler's List,Drama
1308,50014,The Help,Drama
1309,162903,The Fifth Estate,Drama
1310,6466,Freddy vs. Jason,Horror
1311,12589,Jimmy Neutron: Boy Genius,Action
1312,7191,Cloverfield,Action
1313,1497,Teenage Mutant Ninja Turtles II: The Secret of the Ooze,Science Fiction
1314,6977,No Country for Old Men,Crime
1315,168530,Ride Along,Action
1316,634,Bridget Jones's Diary,Comedy
1317,392,Chocolat,Comedy
1318,10327,"Legally Blonde 2: Red, White & Blonde",Comedy
1319,41630,No Strings Attached,Comedy
1320,11969,Tombstone,Action
1321,2085,Romeo Must Die,Action
1322,9286,Final Destination 3,Horror
1323,77877,The Lucky One,Drama
1324,1265,Bridge to Terabithia,Adventure
1325,866,Finding Neverland,Drama
1326,75174,The Grey,Action
1327,11096,Hide and Seek,Horror
1328,8699,Anchorman: The Legend of Ron Burgundy,Comedy
1329,769,GoodFellas,Drama
1330,10923,Agent Cody Banks,Action
1331,11283,Nanny McPhee,Fantasy
1332,77866,Contraband,Thriller
1333,7345,There Will Be Blood,Drama
1334,9779,The Sisterhood of the Traveling Pants,Drama
1335,2140,Kiss of the Dragon,Action
1336,12620,The House Bunny,Romance
1337,198185,Million Dollar Arm,Drama
1338,227156,The Giver,Drama
1339,11351,Jeepers Creepers 2,Horror
1340,10030,Good Luck Chuck,Comedy
1341,10623,Cradle 2 the Grave,Action
1342,590,The Hours,Drama
1343,9655,She's the Man,Comedy
1344,1268,Mr. Bean's Holiday,Family
1345,5123,August Rush,Drama
1346,4518,Elizabeth,Drama
1347,11932,Bride of Chucky,Horror
1348,57431,The Sitter,Comedy
1349,278,The Shawshank Redemption,Drama
1350,11543,Kingpin,Comedy
1351,284536,The Gambler,Thriller
1352,152737,August: Osage County,Comedy
1353,8976,A Lot Like Love,Comedy
1354,319888,Eddie the Eagle,Comedy
1355,22971,Dear John,Drama
1356,34813,The Losers,Action
1357,46261,Don't Be Afraid of the Dark,Fantasy
1358,10431,War,Action
1359,8051,Punch-Drunk Love,Comedy
1360,9352,EuroTrip,Comedy
1361,22825,The Box,Thriller
1362,10591,The Girl Next Door,Comedy
1363,276907,Legend,Crime
1364,200505,Draft Day,Drama
1365,293646,The 33,Drama
1366,59440,Warrior,Action
1367,20766,The Road,Adventure
1368,8338,Blindness,Drama
1369,72113,Carnage,Comedy
1370,152742,The Best Offer,Drama
1371,11699,The Bad Lieutenant: Port of Call - New Orleans,Drama
1372,109091,The Counselor,Thriller
1373,83770,On the Road,Adventure
1374,1246,Rocky Balboa,Drama
1375,4233,Scream 2,Horror
1376,2069,The Whole Nine Yards,Comedy
1377,11635,Old School,Comedy
1378,177,The Fisher King,Comedy
1379,3600,I Still Know What You Did Last Summer,Horror
1380,10358,Zack and Miri Make a Porno,Comedy
1381,10313,The Men Who Stare at Goats,Comedy
1382,43593,Piranha 3D,Comedy
1383,19908,Zombieland,Comedy
1384,10663,The Waterboy,Comedy
1385,9737,Bad Boys,Action
1386,37137,The Naked Gun 2½: The Smell of Fear,Comedy
1387,9532,Final Destination,Horror
1388,10316,The Ides of March,Drama
1389,2787,Pitch Black,Thriller
1390,152601,Her,Romance
1391,10866,Joy Ride,Mystery
1392,70435,Haywire,Action
1393,6973,In the Valley of Elah,History
1394,3021,1408,Horror
1395,256917,The Water Diviner,War
1396,251,Ghost,Fantasy
1397,544,There's Something About Mary,Romance
1398,11395,The Santa Clause,Fantasy
1399,13680,The Game Plan,Comedy
1400,688,The Bridges of Madison County,Drama
1401,11090,The Animal,Action
1402,228194,The Hundred-Foot Journey,Drama
1403,1642,The Net,Crime
1404,10950,I Am Sam,Drama
1405,277,Underworld,Fantasy
1406,8999,Derailed,Drama
1407,11323,The Informant!,Drama
1408,146239,Delivery Man,Comedy
1409,2294,Jay and Silent Bob Strike Back,Comedy
1410,270487,"Hail, Caesar!",Comedy
1411,204082,Homefront,Action
1412,5550,RoboCop 3,Action
1413,287948,The Transporter Refueled,Thriller
1414,204922,Before I Go to Sleep,Mystery
1415,164457,Out of the Furnace,Thriller
1416,4566,Michael Clayton,Drama
1417,81836,To Rome with Love,Romance
1418,82693,Silver Linings Playbook,Drama
1419,1646,Freedom Writers,Crime
1420,4108,The Transporter,Action
1421,8456,Never Back Down,Drama
1422,50780,The Beaver,Drama
1423,1946,eXistenZ,Action
1424,772,Home Alone 2: Lost in New York,Comedy
1425,274,The Silence of the Lambs,Crime
1426,8872,Wayne's World,Music
1427,16290,Jackass 3D,Comedy
1428,138843,The Conjuring,Horror
1429,1584,School of Rock,Comedy
1430,9312,Mortal Kombat,Action
1431,12153,White Chicks,Comedy
1432,65057,The Descendants,Comedy
1433,76203,12 Years a Slave,Drama
1434,162,Edward Scissorhands,Fantasy
1435,296096,Me Before You,Drama
1436,376659,Bad Moms,Comedy
1437,16690,Return to Never Land,Adventure
1438,273895,Selma,History
1439,14873,The Jungle Book 2,Family
1440,9963,Premonition,Thriller
1441,21208,Orphan,Horror
1442,272878,Max,Adventure
1443,314365,Spotlight,Drama
1444,13279,Lakeview Terrace,Drama
1445,1975,The Grudge 2,Horror
1446,27579,The American,Crime
1447,40264,Vampires Suck,Horror
1448,1164,Babel,Drama
1449,239678,This Is Where I Leave You,Drama
1450,14359,Doubt,Drama
1451,3989,Team America: World Police,Music
1452,76617,Texas Chainsaw 3D,Horror
1453,4258,Scary Movie 5,Comedy
1454,10139,Milk,History
1455,335778,Risen,Action
1456,9645,Ghost Ship,Horror
1457,55465,A Very Harold & Kumar Christmas,Comedy
1458,617,Wild Things,Crime
1459,48289,The Debt,Drama
1460,243,High Fidelity,Comedy
1461,8848,The Bank Job,Thriller
1462,38,Eternal Sunshine of the Spotless Mind,Science Fiction
1463,38303,You Again,Comedy
1464,1266,Street Kings,Action
1465,107985,The World's End,Comedy
1466,19901,Daybreakers,Fantasy
1467,34016,She's Out of My League,Comedy
1468,59860,Monte Carlo,Adventure
1469,9954,The Covenant,Action
1470,328387,Nerve,Mystery
1471,12690,Appaloosa,Drama
1472,226857,Endless Love,Drama
1473,2355,Reign Over Me,Drama
1474,5915,Into the Wild,Adventure
1475,61012,Silent Hill: Revelation 3D,Thriller
1476,755,From Dusk Till Dawn,Horror
1477,7979,The Kite Runner,Drama
1478,470,21 Grams,Drama
1479,290751,Secret in Their Eyes,Crime
1480,13805,Disaster Movie,Action
1481,63492,What's Your Number?,Comedy
1482,81796,Lockout,Action
1483,15092,Crank: High Voltage,Action
1484,6963,The Weather Man,Comedy
1485,41402,Let Me In,Drama
1486,146198,Triple 9,Action
1487,295964,Burnt,Drama
1488,11835,Death Sentence,Action
1489,171274,Inherent Vice,Comedy
1490,106747,Machete Kills,Action
1491,48231,A Dangerous Method,Drama
1492,3509,A Scanner Darkly,Animation
1493,241239,A Most Violent Year,Crime
1494,77948,The Cold Light of Day,Action
1495,7299,Equilibrium,Action
1496,199373,The Frozen Ground,Thriller
1497,581,Dances with Wolves,Adventure
1498,52449,Bad Teacher,Comedy
1499,11247,A Cinderella Story,Comedy
1500,4232,Scream,Crime
1501,41210,The Switch,Comedy
1502,12090,Just Married,Comedy
1503,29427,The Crazies,Mystery
1504,13523,Sex Drive,Comedy
1505,25195,Leap Year,Romance
1506,10065,The Amityville Horror,Horror
1507,2757,Adaptation.,Comedy
1508,11683,Land of the Dead,Horror
1509,1878,Fear and Loathing in Las Vegas,Adventure
1510,195589,Neighbors,Comedy
1511,854,The Mask,Romance
1512,496,Borat: Cultural Learnings of America for Make Benefit Glorious Nation of Kazakhstan,Comedy
1513,8835,Legally Blonde,Comedy
1514,8643,The Exorcism of Emily Rose,Crime
1515,10402,Deuce Bigalow: Male Gigolo,Comedy
1516,218043,Left Behind,Thriller
1517,10147,Bad Santa,Drama
1518,816,Austin Powers: International Man of Mystery,Science Fiction
1519,302688,My Big Fat Greek Wedding 2,Romance
1520,60307,Diary of a Wimpy Kid: Rodrick Rules,Family
1521,10625,Mean Girls,Comedy
1522,5279,Gosford Park,Drama
1523,194662,Birdman,Drama
1524,160588,Blue Jasmine,Comedy
1525,9829,United 93,Drama
1526,10028,Honey,Romance
1527,43959,Soul Surfer,Action
1528,44115,127 Hours,Adventure
1529,321697,Steve Jobs,Drama
1530,522,Ed Wood,Comedy
1531,130150,Labor Day,Drama
1532,13809,RockNRolla,Action
1533,245703,Midnight Special,Adventure
1534,127560,The Railway Man,Drama
1535,75638,Red Lights,Thriller
1536,8363,Superbad,Comedy
1537,8328,Step Up 2: The Streets,Music
1538,10982,Hoodwinked!,Animation
1539,205,Hotel Rwanda,Drama
1540,1620,Hitman,Action
1541,3597,I Know What You Did Last Summer,Horror
1542,193893,Let's Be Cops,Comedy
1543,9675,Sideways,Comedy
1544,7516,Smokin' Aces,Action
1545,41439,Saw: The Final Chapter,Horror
1546,38117,Beastly,Drama
1547,9792,The Hills Have Eyes,Horror
1548,114150,Pitch Perfect,Comedy
1549,26390,Brooklyn's Finest,Crime
1550,109428,Evil Dead,Horror
1551,7304,Running Scared,Action
1552,1491,The Illusionist,Fantasy
1553,255343,Escobar: Paradise Lost,Thriller
1554,4584,Sense and Sensibility,Drama
1555,2977,Becoming Jane,Drama
1556,10760,Sydney White,Comedy
1557,8467,Dumb and Dumber,Comedy
1558,9285,Road Trip,Comedy
1559,74643,The Artist,Drama
1560,83666,Moonrise Kingdom,Comedy
1561,10956,Joe Dirt,Mystery
1562,4638,Hot Fuzz,Crime
1563,5038,Vicky Cristina Barcelona,Drama
1564,19994,Jennifer's Body,Comedy
1565,9800,Philadelphia,Drama
1566,1090,The Thirteenth Floor,Thriller
1567,152599,The Immigrant,Drama
1568,68727,Trance,Thriller
1569,34647,Enter the Void,Fantasy
1570,28178,Hachi: A Dog's Tale,Drama
1571,264656,The Homesman,Western
1572,771,Home Alone,Comedy
1573,14,American Beauty,Drama
1574,45269,The King's Speech,Drama
1575,205596,The Imitation Game,History
1576,33217,Diary of a Wimpy Kid,Comedy
1577,132232,Mama,Horror
1578,208134,Bad Grandpa,Comedy
1579,1165,The Queen,Drama
1580,65086,The Woman in Black,Drama
1581,10053,When a Stranger Calls,Horror
1582,586,Wag the Dog,Comedy
1583,134411,Snitch,Thriller
1584,287903,Krampus,Horror
1585,9276,The Faculty,Horror
1586,2142,Cop Land,Action
1587,11397,Not Another Teen Movie,Comedy
1588,77016,End of Watch,Crime
1589,266856,The Theory of Everything,Drama
1590,24150,Halloween II,Horror
1591,228970,Wild,Drama
1592,18405,The Last House on the Left,Crime
1593,6961,The Wedding Date,Comedy
1594,11442,Halloween: Resurrection,Horror
1595,64690,Drive,Drama
1596,1562,28 Weeks Later,Horror
1597,23706,All About Steve,Comedy
1598,9100,The Craft,Drama
1599,116,Match Point,Drama
1600,4995,Boogie Nights,Drama
1601,342521,Keanu,Action
1602,97367,The Place Beyond the Pines,Drama
1603,254904,The November Man,Crime
1604,12162,The Hurt Locker,Drama
1605,64689,Killing Them Softly,Crime
1606,157849,A Most Wanted Man,Thriller
1607,51828,One Day,Drama
1608,22798,Whip It,Drama
1609,97430,The Man with the Iron Fists,Action
1610,115,The Big Lebowski,Comedy
1611,7874,Black Snake Moan,Drama
1612,8321,In Bruges,Comedy
1613,133694,Promised Land,Drama
1614,19265,Whatever Works,Comedy
1615,5236,Kiss Kiss Bang Bang,Action
1616,1018,Mulholland Drive,Thriller
1617,42188,Never Let Me Go,Drama
1618,8461,Funny Games,Horror
1619,23759,Centurion,Adventure
1620,10185,The Midnight Meat Train,Mystery
1621,137,Groundhog Day,Romance
1622,264999,Magic Mike XXL,Comedy
1623,454,Romeo + Juliet,Drama
1624,33,Unforgiven,Western
1625,12405,Slumdog Millionaire,Drama
1626,114,Pretty Woman,Romance
1627,864,Cool Runnings,Comedy
1628,14435,My Bloody Valentine,Mystery
1629,9877,Urban Legend,Horror
1630,71688,The Iron Lady,History
1631,12403,A Perfect Getaway,Thriller
1632,11470,Jason X,Horror
1633,1440,Little Children,Romance
1634,43949,Flipped,Romance
1635,142,Brokeback Mountain,Drama
1636,243938,Hot Tub Time Machine 2,Comedy
1637,86838,Seven Psychopaths,Comedy
1638,97370,Under the Skin,Thriller
1639,44214,Black Swan,Drama
1640,9816,Save the Last Dance,Drama
1641,8859,"Dude, Where’s My Car?",Comedy
1642,239563,St. Vincent,Comedy
1643,4951,10 Things I Hate About You,Comedy
1644,332567,The Shallows,Horror
1645,1954,The Butterfly Effect,Science Fiction
1646,11186,Child's Play 2,Drama
1647,5876,The Mist,Science Fiction
1648,264660,Ex Machina,Drama
1649,492,Being John Malkovich,Fantasy
1650,238603,Earth to Echo,Family
1651,1251,Letters from Iwo Jima,Action
1652,264644,Room,Drama
1653,107811,21 & Over,Comedy
1654,144340,Admission,Comedy
1655,28211,Chloe,Drama
1656,84892,The Perks of Being a Wallflower,Drama
1657,157544,The Vatican Tapes,Thriller
1658,59678,Attack the Block,Action
1659,158011,The Call,Crime
1660,8952,I Love You Phillip Morris,Comedy
1661,319,True Romance,Action
1662,9504,Glengarry Glen Ross,Crime
1663,6615,Lars and the Real Girl,Comedy
1664,14574,The Boy in the Striped Pyjamas,War
1665,16,Dancer in the Dark,Drama
1666,23631,Machete,Action
1667,2105,American Pie,Comedy
1668,67660,Think Like a Man,Comedy
1669,3049,Ace Ventura: Pet Detective,Comedy
1670,75674,Act of Valor,Action
1671,9762,Step Up,Music
1672,184,Jackie Brown,Comedy
1673,13335,Harold & Kumar Escape from Guantanamo Bay,Comedy
1674,76726,Chronicle,Science Fiction
1675,57214,Project X,Comedy
1676,9357,One Hour Photo,Horror
1677,13812,Quarantine,Horror
1678,9030,The Eye,Drama
1679,1360,Frida,Drama
1680,222935,The Fault in Our Stars,Romance
1681,10220,Rounders,Drama
1682,11601,Stir of Echoes,Horror
1683,205220,Philomena,Drama
1684,14191,Aquamarine,Fantasy
1685,286565,Paper Towns,Drama
1686,129670,Nebraska,Drama
1687,57157,Young Adult,Comedy
1688,1948,Crank,Action
1689,60599,Arbitrage,Drama
1690,227719,Project Almanac,Science Fiction
1691,86825,Stoker,Drama
1692,236751,Heaven is for Real,Drama
1693,107,Snatch,Thriller
1694,291870,Dirty Grandpa,Comedy
1695,45317,The Fighter,Drama
1696,12094,Jackass Number Two,Action
1697,10377,My Cousin Vinny,Comedy
1698,249164,If I Stay,Drama
1699,1817,Phone Booth,Thriller
1700,10229,A Walk to Remember,Drama
1701,687,Dead Man Walking,Drama
1702,796,Cruel Intentions,Drama
1703,22804,Saw VI,Horror
1704,167073,Brooklyn,Drama
1705,12149,Frailty,Drama
1706,304357,Woman in Gold,Drama
1707,1587,What's Eating Gilbert Grape,Romance
1708,86829,Inside Llewyn Davis,Drama
1709,11917,Saw V,Horror
1710,489,Good Will Hunting,Drama
1711,214,Saw III,Horror
1712,1588,Bring It On,Comedy
1713,316727,The Purge: Election Year,Action
1714,10314,She's All That,Comedy
1715,663,Saw IV,Horror
1716,11804,White Noise,Drama
1717,1970,The Grudge,Horror
1718,9614,Happy Gilmore,Comedy
1719,8922,Jeepers Creepers,Horror
1720,74534,The Best Exotic Marigold Hotel,Drama
1721,321258,The Boy,Horror
1722,44040,Devil,Horror
1723,280092,Insidious: Chapter 3,Drama
1724,12182,Nick and Norah's Infinite Playlist,Comedy
1725,1832,Dogma,Fantasy
1726,294272,Pete's Dragon,Adventure
1727,283445,Sinister 2,Horror
1728,22824,The Fourth Kind,Mystery
1729,11545,Rushmore,Comedy
1730,42684,Skyline,Science Fiction
1731,268238,The Second Best Exotic Marigold Hotel,Drama
1732,9362,Tremors,Action
1733,9902,Wrong Turn,Horror
1734,103731,Mud,Drama
1735,75900,My Week with Marilyn,Drama
1736,328425,The Gift,Thriller
1737,1542,Office Space,Comedy
1738,87093,Big Eyes,Drama
1739,87818,Movie 43,Comedy
1740,88005,Seeking a Friend for the End of the World,Comedy
1741,73,American History X,Drama
1742,209403,Bad Words,Comedy
1743,7942,"Run, Fatboy, Run",Comedy
1744,9952,Rescue Dawn,Adventure
1745,1640,Crash,Drama
1746,329440,The Forest,Horror
1747,252512,While We're Young,Comedy
1748,68812,The Iceman,Thriller
1749,73567,Killer Joe,Crime
1750,16614,Adventureland,Comedy
1751,27586,The Runaways,Drama
1752,2359,Sicko,Documentary
1753,238636,The Purge: Anarchy,Horror
1754,11282,Harold & Kumar Go to White Castle,Comedy
1755,25196,Crazy Heart,Drama
1756,272693,The DUFF,Romance
1757,26022,My Name Is Khan,Drama
1758,152747,All Is Lost,Action
1759,680,Pulp Fiction,Thriller
1760,242582,Nightcrawler,Crime
1761,773,Little Miss Sunshine,Comedy
1762,170,28 Days Later,Horror
1763,40807,50/50,Comedy
1764,225565,That Awkward Moment,Comedy
1765,11596,New Nightmare,Horror
1766,1359,American Psycho,Thriller
1767,22821,The Boondock Saints II: All Saints Day,Action
1768,37735,Easy A,Comedy
1769,291270,Anomalisa,Animation
1770,43923,It's Kind of a Funny Story,Comedy
1771,9388,Thank You for Smoking,Comedy
1772,1691,Hostel: Part II,Horror
1773,24684,An Education,Drama
1774,301365,The Neon Demon,Thriller
1775,25941,Harry Brown,Thriller
1776,7326,Juno,Comedy
1777,19913,(500) Days of Summer,Comedy
1778,713,The Piano,Drama
1779,77930,Magic Mike,Drama
1780,3291,"Good Night, and Good Luck.",Drama
1781,398,Capote,Crime
1782,8068,Desperado,Thriller
1783,308639,Dope,Crime
1784,2662,House of 1000 Corpses,Horror
1785,12573,A Serious Man,Comedy
1786,71859,We Need to Talk About Kevin,Drama
1787,8374,The Boondock Saints,Action
1788,9571,Dazed and Confused,Comedy
1789,82505,House at the End of the Street,Horror
1790,250546,Annabelle,Horror
1791,650,Boyz n the Hood,Crime
1792,76025,Shame,Drama
1793,4836,Layer Cake,Drama
1794,87499,The East,Drama
1795,2293,Mallrats,Romance
1796,1777,Fahrenheit 9/11,Documentary
1797,629,The Usual Suspects,Drama
1798,11452,National Lampoon’s Van Wilder,Comedy
1799,12163,The Wrestler,Drama
1800,10215,Sliding Doors,Comedy
1801,1523,The Last King of Scotland,Drama
1802,92591,Bernie,Comedy
1803,83686,The Words,Drama
1804,67913,The Guard,Action
1805,1443,The Virgin Suicides,Drama
1806,231576,Wish I Was Here,Drama
1807,455,Bend It Like Beckham,Comedy
1808,215,Saw II,Horror
1809,333371,10 Cloverfield Lane,Thriller
1810,9012,Jackass: The Movie,Documentary
1811,345911,Lights Out,Horror
1812,72571,Paranormal Activity 3,Horror
1813,242512,Ouija,Horror
1814,82990,Paranormal Activity 4,Horror
1815,11284,Freddy's Dead: The Final Nightmare,Horror
1816,504,Monster,Crime
1817,227348,Paranormal Activity: The Marked Ones,Horror
1818,152532,Dallas Buyers Club,Drama
1819,243940,The Lazarus Effect,Thriller
1820,77,Memento,Mystery
1821,157547,Oculus,Horror
1822,2295,Clerks II,Comedy
1823,71,Billy Elliot,Drama
1824,147773,The Way Way Back,Comedy
1825,59968,Our Idiot Brother,Comedy
1826,323677,Race,Action
1827,256274,"As Above, So Below",Horror
1828,284293,Still Alice,Drama
1829,8346,My Big Fat Greek Wedding,Comedy
1830,122081,Spring Breakers,Drama
1831,747,Shaun of the Dead,Horror
1832,50357,Apollo 18,Horror
1833,13090,Sunshine Cleaning,Comedy
1834,192141,No Escape,Action
1835,351819,Fifty Shades of Black,Romance
1836,17431,Moon,Science Fiction
1837,1024,Heavenly Creatures,Drama
1838,4553,The Machinist,Thriller
1839,245916,Kill the Messenger,Thriller
1840,313922,Green Room,Horror
1841,13685,Bottle Rocket,Comedy
1842,46838,Tucker and Dale vs Evil,Comedy
1843,298312,The Visit,Horror
1844,12498,Sling Blade,Drama
1845,77949,The Awakening,Horror
1846,1690,Hostel,Horror
1847,64720,Take Shelter,Thriller
1848,77987,Only God Forgives,Drama
1849,712,Four Weddings and a Funeral,Comedy
1850,1429,25th Hour,Crime
1851,641,Requiem for a Dream,Crime
1852,141,Donnie Darko,Fantasy
1853,36419,After.Life,Drama
1854,153,Lost in Translation,Drama
1855,1365,Monster's Ball,Drama
1856,287424,Maggie,Horror
1857,451,Leaving Las Vegas,Drama
1858,241251,The Boy Next Door,Thriller
1859,39781,The Kids Are All Right,Comedy
1860,85350,Boyhood,Drama
1861,512,Scoop,Comedy
1862,5,Four Rooms,Crime
1863,11013,Secretary,Comedy
1864,48572,Red State,Horror
1865,157847,Joe,Drama
1866,44945,Trust,Crime
1867,111190,Adore,Drama
1868,52015,Stake Land,Drama
1869,37495,Four Lions,Comedy
1870,9427,The Full Monty,Comedy
1871,10634,Friday,Comedy
1872,310131,The Witch,Mystery
1873,50839,Margin Call,Thriller
1874,244786,Whiplash,Drama
1875,55347,Beginners,Drama
1876,627,Trainspotting,Drama
1877,41436,Paranormal Activity 2,Horror
1878,1430,Bowling for Columbine,Documentary
1879,158015,The Purge,Science Fiction
1880,82507,Sinister,Horror
1881,132344,Before Midnight,Romance
1882,246403,Tusk,Comedy
1883,24469,Fish Tank,Drama
1884,84174,Bachelorette,Comedy
1885,139038,A Haunted House,Comedy
1886,401,Garden State,Comedy
1887,76,Before Sunrise,Drama
1888,84329,Robot & Frank,Science Fiction
1889,157386,The Spectacular Now,Comedy
1890,45132,Super,Comedy
1891,7512,Idiocracy,Adventure
1892,11798,This Is England,Drama
1893,270303,It Follows,Horror
1894,226,Boys Don't Cry,Crime
1895,80,Before Sunset,Drama
1896,11023,Thirteen,Crime
1897,39013,Winter's Bone,Drama
1898,44639,Inside Job,Documentary
1899,301351,We Are Your Friends,Drama
1900,250124,The Diary of a Teenage Girl,Drama
1901,26388,Buried,Drama
1902,38358,The Last Exorcism,Horror
1903,84175,Beasts of the Southern Wild,Drama
1904,43947,I Spit on Your Grave,Thriller
1905,9344,Kids,Drama
1906,10707,The Squid and the Whale,Comedy
1907,49018,Insidious,Horror
1908,129139,The To Do List,Comedy
1909,10972,Session 9,Horror
1910,104755,The Lords of Salem,Horror
1911,100,"Lock, Stock and Two Smoking Barrels",Comedy
1912,176,Saw,Horror
1913,39939,Super Troopers,Comedy
1914,500,Reservoir Dogs,Crime
1915,7553,Waiting...,Comedy
1916,277685,Unfriended,Horror
1917,46705,Blue Valentine,Drama
1918,76487,The Devil Inside,Thriller
1919,1781,An Inconvenient Truth,Documentary
1920,171424,The Green Inferno,Action
1921,2652,Hard Candy,Drama
1922,84332,Safety Not Guaranteed,Comedy
1923,7859,Half Nelson,Drama
1924,2667,The Blair Witch Project,Horror
1925,83,Open Water,Drama
1926,45649,Rubber,Comedy
1927,43933,Monsters,Drama
1928,8193,Napoleon Dynamite,Comedy
1929,23827,Paranormal Activity,Horror
1930,103620,Maniac,Horror
1931,2255,Chasing Amy,Comedy
1932,431,Cube,Thriller
1933,60420,Like Crazy,Drama
1934,18533,Bronson,Drama
1935,10218,Swingers,Comedy
1936,55420,Another Earth,Drama
1937,5723,Once,Drama
1938,299245,The Gallows,Horror
1939,473,Pi,Mystery
1940,242095,The Signal,Thriller
1941,2292,Clerks,Comedy
